,methods,mean,sd
0,credo_QNN,0.03689760207856399,0.0015623911159253683
1,credo_QNN_adaptive,0.03523667014189512,0.0014344476205804305
2,cqr,0.04413428252454738,0.0009633709177486612
3,cqrr,0.04708791057121407,0.0010553446873600746
4,uacqrs,0.05436578316319883,0.0017807094721870758
5,uacqrp,0.060105100966781906,0.0023490272803721682
6,EPIC,0.04302812294299901,0.0008491552652930725
